{
    "SA": {
        "per_attribute": {
            "SA_1": 0.10521054894576719,
            "SA_2": 0.054788743072941626,
            "SA_3": 0.012199999999999999,
            "SA_4": 0.3467196878997055,
            "SA_5": 0.0288,
            "SA_6": 0.0254909187137747
        },
        "mean_error": 0.09553498310536485
    },
    "OA": {
        "per_attribute": {
            "OA_1": 0.08609301728866944,
            "OA_2": 0.012625684103347334,
            "OA_3": 0.1297024498813249,
            "OA_4": 0.011262949782522735,
            "OA_5": 0.03866666666666666
        },
        "mean_error": 0.05567015354450622
    },
    "EA": {
        "per_attribute": {
            "EA_1": 0.1842857142857143,
            "EA_2": 0.09484670198955913,
            "EA_3": 0.1,
            "EA_4": 0.2766865603988819
        },
        "mean_error": 0.16395474416853884
    },
    "overall_mean_error": 0.10505329360613663
}